<?xml version="1.0" encoding="UTF-8"?>
<!DOCTYPE mapper
        PUBLIC "-//mybatis.org//DTD Mapper 3.0//EN"
        "http://mybatis.org/dtd/mybatis-3-mapper.dtd">
<mapper namespace="com.ssafy.SNS201.mapper.MemberMapper">
    <select id="selectMember" resultType="Member">
		SELECT  *
		  FROM  member
		 ORDER  BY memberNo
	</select>

    <select id="selectMemberByNo" resultType="Member">
		SELECT  *
		  FROM  member
		 WHERE  memberNo    = #{memberNo}
	</select>

    <select id="selectMemberByEmail" resultType="Member">
		SELECT  *
		  FROM  member
		 WHERE  email       = #{email}
	</select>

    <select id="selectMemberBySearch" parameterType="String" resultType="Member">
        SELECT  *
          FROM  member
         WHERE  nickname LIKE CONCAT('%', #{keyword}, '%')
    </select>

    <insert id="insertMember" parameterType="Member">
        INSERT INTO member(
            email,
            pwd,
            nickname,
            point,
            memberPhoto
        ) VALUES (
            #{email},
            #{pwd},
            #{nickname},
            0,
            #{memberPhoto}
        )
    </insert>

    <update id="updateMember" parameterType="Member">
        UPDATE  member
           SET  pwd         = #{pwd},
                nickname    = #{nickname},
                stateMent   = #{stateMent},
                memberPhoto = #{memberPhoto}
         WHERE  memberNo    = #{memberNo}
    </update>

    <update id="updatePassword" parameterType="Member">
        UPDATE  member
           SET  pwd         = #{pwd}
         WHERE  memberNo    = #{memberNo}
    </update>

    <delete id="deleteMember" parameterType="int">
		DELETE
		  FROM  member
		 WHERE  memberNo   = #{memberNo}
	</delete>

    <update id="updateMemberPoint" parameterType="int" >
        UPDATE member
        SET POINT = #{point}
        WHERE memberNo = #{memberNo};
    </update>

</mapper>
