<?xml version="1.0" encoding="UTF-8"?>
<!DOCTYPE mapper
        PUBLIC "-//mybatis.org//DTD Mapper 3.0//EN"
        "http://mybatis.org/dtd/mybatis-3-mapper.dtd">
<mapper namespace="com.ssafy.SNS201.mapper.PostMapper"> <!-- mybatis는 namespace필수!! -->

    <insert id="insertPost" parameterType="Post">
        INSERT INTO post(
            postPhoto,
            postContent,
            memberNo,
            postDate,
            missionNo
        ) VALUES (
            #{postPhoto},
            #{postContent},
            #{memberNo},
            now(),
            #{missionNo}
        )

    </insert>
    <select id="selectPost" resultType="Post">
        SELECT      *
          FROM      post
         ORDER BY   postDate DESC,
                    postNo   DESC
    </select>
    <select id="selectPostByNo" resultType="Post">
        SELECT  p.*, m.nickname AS nickname
          FROM  post p, member m
         WHERE  p.memberNo = m.memberNo AND postNo = #{postNo}
    </select>

    <select id="selectPostBySearch" parameterType="String" resultType="Post">
        SELECT  *
          FROM  post
         WHERE  postContent LIKE CONCAT('%', #{keyword}, '%')
    </select>

    <update id="updatePost" parameterType="Post">
        UPDATE  post
           SET  postPhoto   = #{postPhoto},
                postContent = #{postContent},
                postDate    = #{postDate}
         WHERE  postNo      = #{postNo}
    </update>

    <delete id="deletePost" parameterType="int">
        DELETE
          FROM  post
         WHERE  postNo = #{postNo}
    </delete>

    <select id="selectPostByMemberNo" resultType="Post">
        SELECT *
         FROM post
        WHERE memberNo = #{memberNo}
    </select>

    <select id="selectPostByMissionNo" resultType="Post">
        SELECT *
         FROM post
        WHERE missionNo = #{missionNo}
    </select>

    <select id="selectMaxPostNo" resultType="int">
        SELECT MAX(postNo)
          FROM post
    </select>

</mapper>
